ID,Max_area_plant_m2,solcap_snp_c2_50502,solcap_snp_c2_7007
00C133-020,0.442200833,AAAB,AABB
01C_071-002,0.563270625,ABBB,AAAA
02M_012-001,0.376424167,BBBB,AAAA
03M_016-002,0.4778625,AAAB,AAAB
03M_034-002,0.5623925,AABB,AAAB
04C_055-004,0.334131667,AABB,AAAA
04C_126-005,0.539400833,AAAB,AABB
04M_034-013,0.407187083,AABB,AAAB
05M_002-001,0.435766667,AABB,AAAB
05M_004-003,0.515086042,AAAB,AAAB
05M_012-004,0.49236375,AAAB,AAAB
06C_127-002,0.4934875,ABBB,AAAB
12288_AF_23,0.37411875,ABBB,AAAA
12601AB1,0.363549583,NA,AAAA
12636_A_2,0.464829167,AABB,AAAB
15119_AC_5,0.354748333,BBBB,AAAA
1512C16,0.403905625,ABBB,AAAB
15144_A_3,0.531494166,AABB,AABB
1563C14,0.4451125,AABB,AAAB
2182EF7,0.518111667,ABBB,AAAA
3681AD1,0.495992917,AAAB,AAAB
5008AB6,0.47024375,AAAB,AABB
8204_A_4,0.523701666,ABBB,AAAB
AGRIA,0.496004167,AAAB,AABB
AILSA,0.48010875,AABB,AAAB
ALMERA,0.45280125,AABB,AAAB
ALPHA,0.57672625,ABBB,AAAB
ALWARA,0.464660416,ABBB,AAAA
AMADRA,0.395668333,ABBB,AAAB
AMOUR,0.43465,ABBB,AAAA
ANNA,0.538496875,ABBB,AAAB
ANNABELLE,0.318895,BBBB,AAAA
ANYA,0.360548125,ABBB,AAAB
ARGOS,0.52021125,ABBB,AAAB
ARIELLE,0.376552917,ABBB,AAAA
ARKULA,0.453710417,ABBB,AAAA
ARMADA,0.498231875,ABBB,AAAB
AVALANCHE,0.403115417,AAAB,AAAA
BAILLIE,0.428959583,AABB,AAAA
BALMORAL,0.359047083,AABB,AAAA
BAMBINO,0.453853333,ABBB,AAAB
BARNA,0.5522475,AABB,AAAB
BELLE_DE_FONTENAY,0.36645375,BBBB,AAAA
BENOL,0.421139583,AAAA,NA
BF_15,0.350412083,ABBB,AAAB
BINTJE,0.449524167,NA,AAAB
BIONICA_EX_SASA,0.347421667,AABB,AAAB
BLUE_DANUBE,0.514981667,AABB,AABB
BONNIE,0.477402917,BBBB,AAAA
BOUNTY,0.548910833,AABB,AAAB
BRITISH_QUEEN,0.413141667,ABBB,AAAA
BRODICK,0.482951875,AABB,AAAA
BRODIE,0.413904167,AABB,AABB
BUCHAN,0.415152083,AABB,AABB
BURREN,0.494451042,ABBB,AAAB
CABARET,0.535933333,AAAA,NA
CAESAR,0.46291375,AABB,AABB
CARA,0.615618333,ABBB,AAAB
CARLINGFORD,0.38643375,AABB,NA
CASABLANCA,0.40760125,AABB,AAAA
CELINE,0.45027375,ABBB,AAAB
CHALLENGER,0.4572425,ABBB,AAAB
CHARLOTTE,0.395603333,AABB,AAAA
CHICAGO,0.460650833,ABBB,AAAA
CHIEFTAIN,0.443097917,AABB,AABB
CHOPIN,0.382747083,AABB,AAAB
CLARET,0.459672917,ABBB,AAAA
CORINE,0.471544583,AAAB,AAAB
COSMOS,0.487020417,BBBB,AAAA
COURAGE,0.44182125,ABBB,AAAA
COURLAN,0.328614583,AABB,AABB
CRAIGS_ROYAL,0.30374375,BBBB,AAAA
CRAIGS_SNOW-WHITE,0.29426375,ABBB,AAAA
CRAMOND,0.539732083,AAAB,NA
CRISPS_FOR_ALL,0.437440417,ABBB,AAAB
CROMWELL,0.457886042,AAAB,AAAA
D22/1,0.450017083,AAAB,AAAB
D23/3,0.40815,ABBB,AAAB
D47-11,0.465859583,AABB,AAAA
D49/1,0.38563,AABB,AAAA
DAISY,0.409899167,ABBB,AAAA
DARK_RED_NORLAND,0.259737292,BBBB,AAAA
DARWINA,0.378470417,ABBB,AAAB
DESIREE,0.5087875,ABBB,AAAA
DITTA,0.4124875,AABB,AAAA
DR._MCINTOSH,0.463486042,ABBB,AAAA
DRAGA,0.3695125,ABBB,AAAA
DUKE_OF_YORK,0.3779375,BBBB,AAAA
DUNBAR_STANDARD,0.51769125,ABBB,AAAB
DUNDROD,0.31341375,AABB,AAAB
ECLIPSE,0.392957916,ABBB,AAAB
EDEN,0.435314166,AAAB,AAAA
EDZELL_BLUE,0.4387325,AABB,AABB
ELISABETH,0.48597625,ABBB,AAAA
EMPEROR,0.33715,ABBB,AAAB
EOS,0.532187083,AABB,AAAB
EPICURE,0.406629167,BBBB,AAAA
ERNTESTOLZ,0.463586667,AABB,AABB
ESCORT,0.52361625,AABB,AAAB
ESMERALDA,0.415743333,ABBB,AAAA
ESTIMA,0.389355,NA,AAAA
EVE_BALFOUR,0.475524375,AAAB,AABB
EXCALIBUR,0.476445417,AABB,ABBB
EXQUISA,0.488521667,ABBB,AAAB
FESTIVAL,0.259197917,BBBB,AAAA
FIANNA,0.315696667,AAAB,AAAA
FIFTYFOLD,0.31050125,BBBB,AAAA
FONTANE,0.426101667,AABB,AAAA
FORTYFOLD,0.399998333,AABB,AAAB
FRONTIER_RUSSET,0.315020833,ABBB,AAAA
G.81071,0.43473875,AABB,AAAA
G.88661,0.378101667,AAAB,AAAB
G.886611,0.536073333,AABB,AABB
G.8867Y%12,0.399647916,AAAB,AABB
G.88839,0.349080417,AAAB,AAAB
G.88842,0.439718333,AAAB,AABB
GALACTICA,0.503893333,ABBB,AAAA
GEMSON,0.450890833,BBBB,AAAA
GL.76B/102,0.396609583,BBBB,AAAA
GL.76B/94,0.427067083,ABBB,AAAB
GL.77M/106,0.485725625,AABB,AAAB
GL.78/166,0.428087917,AABB,AAAB
GL.78/53,0.338249583,ABBB,AAAB
GL.78/97,0.483719583,ABBB,AAAB
GL.79/42,0.545575417,ABBB,AAAB
GL.79/45,0.447975833,AABB,NA
GL.81_NT_25,0.499818333,AAAB,AABB
GLADIATOR,0.54643625,ABBB,AAAB
GLAMIS,0.50932375,AABB,AAAB
GOLDEN_MILLENNIUM,0.398711667,NA,AAAB
GOLDEN_NUGGET,0.488489167,NA,NA
GOLDEN_WONDER,0.52036875,NA,AAAB
GRANOLA,0.50511875,AABB,AAAB
H1H3_101,0.3971625,AAAB,AAAB
H1H3_3,0.459158333,AABB,AAAB
HARBOROUGH_HARVEST,0.42543125,AABB,AAAA
HARLEQUIN,0.5290625,AAAB,AABB
HERMES,0.489075833,AABB,AAAB
HIGHLAND_BUR._RED,0.321078333,ABBB,AAAB
HOME_GUARD,0.368957083,ABBB,AAAA
HORIZON,0.565700417,AAAB,AAAB
INNOVATOR,0.436535417,ABBB,AAAA
INTERNATIONAL_KIDNEY,0.369658333,ABBB,AAAA
ISLE_OF_JURA,0.595575,NA,AABB
JULIETTE,0.454241667,AABB,AAAB
KARLENA,0.412447083,AAAB,AAAB
KERRS_PINK,0.5885875,ABBB,AAAB
KESTREL,0.347483333,ABBB,NA
KIFLI,0.538820625,AAAA,AAAB
KING_EDWARD,0.45264875,ABBB,AAAA
KINGSTON,0.450829167,AAAB,AAAB
KUFRI_CHANDRAMUKHI,0.556107917,AABB,AAAB
KUFRI_JYOTI,0.508144167,ABBB,AAAB
KURODA,0.528649583,ABBB,AAAA
LADY_BALFOUR,0.5498825,ABBB,AAAB
LADY_CHRISTL,0.425993333,AABB,AAAA
LADY_CLAIRE,0.444114167,NA,AAAB
LADY_JO,0.4757125,AAAB,AABB
LADY_ROSETTA,0.48312125,ABBB,AAAB
LIBERTAS,0.492029583,AAAB,AABB
LINDA,0.474846667,AABB,AABB
LINTON,0.441083333,ABBB,AAAB
LINZER_DELIKATESS,0.401139583,AABB,AAAA
LIONHEART,0.544651041,AAAB,AABB
MADELEINE,0.421330833,AAAB,AABB
MADINGLEY,0.4417125,AAAB,AAAB
MAJESTIC,0.465352917,ABBB,AAAA
MARABEL,0.5036025,ABBB,AAAB
MARFONA,0.456709583,ABBB,AAAA
MARILYN,0.404123333,AABB,AAAB
MARIS_ANCHOR,0.476093333,ABBB,AAAA
MARIS_BARD,0.356226667,AABB,AAAB
MARIS_PEER,0.452590833,ABBB,AAAB
MARIS_PIPER,0.504524167,AAAB,AAAB
MARKIES,0.56590625,ABBB,AABB
MAXINE,0.390377708,ABBB,AAAA
MEGARA,0.4852525,AABB,AAAB
MELODY,0.482756667,AABB,AAAB
MIDAS,0.405459583,BBBB,AAAA
MILVA,0.49273375,AAAA,BBBB
MIMI,0.236828333,BBBB,AAAA
MIRA,0.459594167,AABB,AAAA
MOIRA,0.408970833,AABB,AABB
MONTROSE,0.51711875,ABBB,AAAA
MORAG,0.359703333,AAAB,ABBB
MORENE,0.630775,AAAB,AABB
MOZART,0.465835,AABB,AAAB
MYATTS_ASHLEAF,0.30661875,ABBB,AAAA
NADINE,0.351402083,BBBB,AAAA
NAVAN,0.4760825,AABB,AAAB
NDTX_4271_5-R,0.386630625,ABBB,AAAB
NICOLA,0.477009167,ABBB,AAAA
NOVELLA,0.318901667,AABB,AAAA
OLYMPUS,0.41527875,AAAB,AAAB
OPERA,0.49507375,ABBB,AAAB
ORCHESTRA,0.453685833,AAAB,AAAB
ORIANA,0.480285833,ABBB,AAAA
OTHELLO,0.46425375,BBBB,AAAA
PALADIN,0.408860417,AAAA,NA
PANDA,0.635894167,AAAA,AABB
PARAMOUNT,0.564222083,ABBB,AAAB
PATRONES,0.479483333,ABBB,AAAA
PENTLAND_ACE,0.494388333,BBBB,AAAA
PENTLAND_BEAUTY,0.3511075,ABBB,AAAA
PENTLAND_CROWN,0.442105833,AABB,AAAB
PENTLAND_DELL,0.3757075,BBBB,AAAA
PENTLAND_IVORY,0.510153958,ABBB,AAAA
PENTLAND_JAVELIN,0.3833125,BBBB,AAAA
PENTLAND_MARBLE,0.304598333,ABBB,AAAB
PENTLAND_SQUIRE,0.38425625,ABBB,AAAB
PEPO_1978,0.472120417,AAAA,BBBB
PICASSO,0.523946667,NA,AAAB
PIMPERNEL,0.6132575,AABB,AAAB
PIONEER,0.40433125,AABB,AAAB
PIXIE,0.47851875,AABB,AABB
PREMIERE,0.401064167,AABB,AAAA
PRODUCENT,0.5380325,ABBB,AABB
PROVOST,0.4207475,BBBB,AAAA
R.P.LUSTRE,0.31195,BBBB,AAAA
RANGER_RUSSET,0.36038625,AABB,AABB
RATTE,0.484431667,AABB,AAAA
RECORD,0.344884583,AABB,AAAB
REMBRANDT,0.4281025,AABB,AABB
RIO_ROJO,0.299554167,ABBB,AAAA
ROBIJN,0.613512083,AABB,AAAA
ROCKET,0.411037083,ABBB,AAAA
RODE_STAR,0.676067917,AABB,AAAA
ROMANO,0.448347917,AABB,AAAA
ROMEO,0.616375417,AABB,AAAB
ROOSTER,0.574221667,AAAB,AAAB
ROYAL,0.539681667,ABBB,AAAA
ROYAL_KIDNEY,0.5151525,AAAB,AABB
RUBESSE,0.48378375,AAAB,AABB
RUSSET_BURBANK,0.438997917,BBBB,AAAA
RUSSET_NORKOTAH,0.340570833,BBBB,AAAA
SAFARI,0.426192083,AAAB,AAAB
SANTANA,0.388117083,ABBB,AAAB
SANTE,0.575772916,ABBB,AAAB
SAPHIRE,0.614527708,AABB,AAAB
SARPO_MIRA,0.60784125,AABB,AAAA
SARPO_SHONA,0.503032083,ABBB,AAAA
SASSY,0.425053333,AABB,AAAA
SATURNA,0.44641,ABBB,AAAA
SAVA,0.421350416,AABB,AAAB
SAXON,0.372749167,AAAA,ABBB
SCARBOROUGH,0.495713333,AAAB,AAAA
SEFTON_WONDER,0.44062875,ABBB,AAAB
SERAFINA,0.407505833,BBBB,AAAA
SETANTA,0.565241667,AABB,AAAB
SHARPES_EXPRESS,0.391964583,AABB,AAAA
SHELAGH,0.513564583,AAAB,AAAB
SHELFORD,0.471279166,AABB,AAAB
SHEPODY,0.44905875,ABBB,AAAB
SLANEY,0.567265416,AABB,AAAB
SPEY,0.537904167,AAAB,NA
SPUNTA,0.532438333,ABBB,AAAA
STAMINA,0.494291875,ABBB,AAAA
STEMSTER,0.491555833,AABB,AAAA
STIRLING,0.415929167,ABBB,AAAA
STORMONT_ENTERPRISE,0.52084875,AABB,AABB
SYLVANA,0.491482708,AABB,AAAB
TAY,0.386266667,ABBB,AAAA
TIMATE,0.51060375,ABBB,AAAB
TOLUCA,0.419740625,AABB,AAAB
TORRIDON,0.531804791,ABBB,AAAB
ULSTER_SCEPTRE,0.452703333,NA,AAAA
UMATILLA_RUSSET,0.556160417,AAAB,ABBB
VALES_EMERALD,0.492170833,AABB,AAAB
VALES_EVEREST,0.447055417,AAAB,AAAB
VALES_RUSSET,0.402184583,ABBB,AAAB
VALES_SOVEREIGN,0.594356042,AAAB,AABB
VALOR,0.451649167,AABB,AABB
VAN_GOGH,0.4948325,AAAB,AAAA
VANTAGE,0.492449583,AABB,AAAA
VERDI,0.552442083,AAAA,BBBB
VICTORIA,0.443141667,AABB,AABB
VIVALDI,0.377233333,ABBB,AAAB
WILJA,0.447770416,NA,AAAB
WINSTON,0.34151,ABBB,AAAB
XD2-21,0.491093333,AABB,AAAB
YUKON_GOLD,0.32883875,NA,AAAB
ZORBA,0.361118125,AABB,AAAA