ID,yield_kg,solcap_snp_c1_15726,solcap_snp_c2_54010,solcap_snp_c2_49834,solcap_snp_c2_42059,solcap_snp_c2_43032,solcap_snp_c2_30501,solcap_snp_c2_43049,solcap_snp_c1_9229
00C133-020,5.6675,AABB,AABB,AAAA,BBBB,AAAB,AABB,AAAB,AABB
01C_071-002,6.503333333,AABB,AABB,AAAA,ABBB,AAAB,AABB,AAAB,AABB
02M_012-001,4.024166667,BBBB,AAAA,AAAB,BBBB,AAAB,AAAA,AAAB,AAAA
03M_016-002,5.410833333,BBBB,AAAA,AAAA,ABBB,AABB,AAAA,AABB,AAAA
03M_034-002,6.8025,ABBB,AAAB,AAAA,AABB,AAAB,AAAB,NA,AAAB
04C_055-004,2.835,AABB,AABB,AAAB,ABBB,AABB,AABB,AABB,AABB
04C_126-005,6.034166667,AABB,AABB,AAAA,ABBB,AABB,AABB,AABB,AABB
04M_034-013,4.548333333,BBBB,AAAA,AAAA,ABBB,AABB,AAAA,AABB,AAAA
05M_002-001,5.1125,ABBB,AAAB,AAAA,ABBB,AAAB,AAAB,AAAB,AAAB
05M_004-003,6.1375,AABB,AABB,AAAA,BBBB,ABBB,AABB,ABBB,AABB
05M_012-004,5.315,ABBB,AAAB,NA,ABBB,ABBB,AAAB,NA,AAAB
06C_127-002,4.1825,BBBB,AAAA,AAAA,ABBB,ABBB,AAAA,ABBB,AAAA
12288_AF_23,3.765833333,AABB,AABB,AAAA,BBBB,AAAA,AABB,AAAA,NA
12601AB1,2.809166667,AABB,AABB,AAAA,BBBB,NA,AABB,ABBB,AABB
12636_A_2,3.893333333,ABBB,AAAB,AAAA,BBBB,BBBB,AAAB,BBBB,AAAB
15119_AC_5,4.32,ABBB,AAAB,AAAA,BBBB,AAAB,AAAB,AAAB,AAAB
1512C16,4.101666667,AABB,AABB,AAAB,ABBB,ABBB,AABB,ABBB,AABB
15144_A_3,5.144166667,ABBB,AAAB,AAAA,ABBB,AABB,AAAB,AABB,AAAB
1563C14,4.295,AABB,AABB,AAAB,ABBB,AAAB,AABB,AAAB,AABB
2182EF7,4.153333333,ABBB,AAAB,AAAA,AAAB,AABB,AAAB,AABB,AAAB
3681AD1,5.043333333,AABB,AABB,AABB,BBBB,BBBB,AABB,BBBB,AABB
5008AB6,4.980833333,AAAB,ABBB,NA,ABBB,AAAB,ABBB,AAAB,ABBB
8204_A_4,4.559166667,ABBB,AAAB,AAAA,ABBB,ABBB,AAAB,ABBB,AAAB
AGRIA,5.605,ABBB,AAAB,AAAA,ABBB,AABB,AAAB,AABB,AAAB
AILSA,5.3225,AABB,AABB,AAAA,AABB,AAAB,AABB,AAAB,AABB
ALMERA,6.820833333,ABBB,AAAB,AAAB,ABBB,AABB,AAAB,AABB,AAAB
ALPHA,3.980833333,ABBB,AAAB,AAAB,BBBB,ABBB,AAAB,ABBB,AAAB
ALWARA,4.705833333,AABB,AABB,AAAB,BBBB,AAAB,AABB,AAAB,AABB
AMADRA,4.709166667,AABB,AABB,AAAA,BBBB,AABB,AABB,AABB,AABB
AMOUR,5.719166667,AABB,AABB,AAAA,ABBB,AABB,NA,NA,AABB
ANNA,5.95,AABB,NA,AAAA,ABBB,ABBB,NA,ABBB,AABB
ANNABELLE,4.378333333,ABBB,AAAB,AAAA,ABBB,AAAB,AAAB,AAAB,AAAB
ANYA,2.691666667,ABBB,AAAB,AAAA,ABBB,AAAA,AAAB,AAAA,AAAB
ARGOS,6.7,ABBB,AAAB,AAAA,ABBB,AABB,AAAB,AABB,AAAB
ARIELLE,4.585833333,ABBB,AAAB,AAAA,ABBB,AAAB,AAAB,AAAB,AAAB
ARKULA,4.6225,AAAB,ABBB,AAAA,BBBB,AAAB,ABBB,AAAB,ABBB
ARMADA,5.655,AABB,AABB,AAAA,ABBB,AABB,AABB,AABB,AABB
AVALANCHE,5.119166667,ABBB,AAAB,AAAA,AAAB,ABBB,AAAB,ABBB,AABB
BAILLIE,4.496666667,AABB,AABB,AAAA,AABB,ABBB,AABB,ABBB,AABB
BALMORAL,4.365,AAAB,NA,AAAA,AABB,AABB,ABBB,AABB,ABBB
BAMBINO,5.179166667,ABBB,AAAB,AAAA,BBBB,AAAA,AAAB,AAAA,AAAB
BARNA,4.746666667,BBBB,AAAA,AAAA,ABBB,ABBB,AAAA,ABBB,AAAA
BELLE_DE_FONTENAY,2.1675,BBBB,AAAA,AAAA,BBBB,AAAB,AAAA,AAAB,AAAA
BENOL,3.753333333,AABB,AABB,AAAA,BBBB,ABBB,AABB,ABBB,AABB
BF_15,4.019166667,BBBB,AAAA,AAAA,ABBB,AAAB,AAAA,AAAB,AAAA
BINTJE,4.504166667,ABBB,NA,AAAA,ABBB,AABB,AABB,AABB,NA
BIONICA_EX_SASA,4.106666667,AABB,AABB,AAAA,BBBB,AAAB,NA,AAAB,AABB
BLUE_DANUBE,4.545833333,AAAB,ABBB,AAAA,BBBB,AAAB,ABBB,AAAB,ABBB
BONNIE,4.405833333,AABB,AABB,AAAA,ABBB,AAAB,AABB,AAAB,AABB
BOUNTY,6.671666667,ABBB,AAAB,AAAA,ABBB,AABB,AAAB,AABB,AAAB
BRITISH_QUEEN,4.140833333,ABBB,AAAB,AAAA,ABBB,AABB,AAAB,AABB,AAAB
BRODICK,5.503333333,AABB,AABB,NA,AABB,AAAB,AABB,AAAB,AABB
BRODIE,4.906666667,ABBB,AAAB,AAAA,BBBB,AAAB,AAAB,AAAB,AAAB
BUCHAN,4.5125,AABB,AABB,AAAA,BBBB,AAAA,AABB,AAAA,AABB
BURREN,6.1375,ABBB,AAAB,AAAB,AABB,AABB,AAAB,AABB,AAAB
CABARET,3.866666667,ABBB,AAAB,AAAA,AABB,AABB,AAAB,AABB,AAAB
CAESAR,5.48,ABBB,AAAB,AAAA,AABB,AAAB,AAAB,AAAB,AAAB
CARA,5.6875,ABBB,AAAB,AAAA,ABBB,AABB,AAAB,AABB,AAAB
CARLINGFORD,4.924166667,BBBB,AAAA,AAAA,ABBB,AABB,AAAA,AABB,AAAA
CASABLANCA,5.4625,ABBB,AAAB,AAAA,BBBB,AABB,AAAB,AABB,AAAB
CELINE,4.714166667,AAAA,BBBB,AAAA,BBBB,AAAB,BBBB,AAAB,BBBB
CHALLENGER,5.150833333,AABB,AABB,AAAA,ABBB,AABB,AABB,AABB,AABB
CHARLOTTE,4.939166667,AABB,AABB,AAAA,ABBB,AAAA,AABB,AAAA,AABB
CHICAGO,4.043333333,AABB,AABB,AAAA,BBBB,ABBB,AABB,ABBB,AABB
CHIEFTAIN,5.840833333,ABBB,AAAB,AAAA,ABBB,AABB,AAAB,AABB,AAAB
CHOPIN,4.45,AABB,AABB,AAAA,BBBB,AAAA,AABB,AAAA,AABB
CLARET,6.59,BBBB,AAAA,AAAA,ABBB,AABB,AAAA,AABB,AAAA
CORINE,4.340833333,ABBB,AAAB,AAAA,BBBB,AAAA,AAAB,AAAA,AAAB
COSMOS,6.29,AABB,AABB,AAAA,ABBB,AAAB,AABB,AAAB,AABB
COURAGE,5.1975,ABBB,AAAB,AAAA,BBBB,AAAB,AAAB,AAAB,AAAB
COURLAN,2.976666667,AABB,AABB,AAAA,ABBB,AAAA,AABB,AAAA,AABB
CRAIGS_ROYAL,3.93,ABBB,AAAB,AAAA,ABBB,AABB,AAAB,AABB,AAAB
CRAIGS_SNOW-WHITE,2.119166667,ABBB,AAAB,AAAB,ABBB,AAAB,AAAB,AAAB,AAAB
CRAMOND,5.750833333,AABB,AABB,AAAA,ABBB,AAAB,AABB,AAAB,AABB
CRISPS_FOR_ALL,3.8875,ABBB,AAAB,AAAB,ABBB,AAAA,AAAB,AAAA,AAAA
CROMWELL,4.448333333,ABBB,AAAB,AAAA,ABBB,AAAB,AABB,AAAB,NA
D22/1,3.43,BBBB,AAAA,AAAA,ABBB,AABB,AAAA,AABB,AAAA
D23/3,3.135,ABBB,AAAB,AAAA,ABBB,AABB,AAAB,AABB,AAAB
D47-11,3.349166667,ABBB,AAAB,AAAA,BBBB,AABB,AAAB,AABB,AAAB
D49/1,3.9,ABBB,AAAB,AAAA,AABB,AABB,AAAB,AABB,AAAB
DAISY,4.019166667,AABB,AABB,AAAA,ABBB,AAAB,AABB,AAAB,AABB
DARK_RED_NORLAND,2.973333333,NA,ABBB,AAAA,ABBB,AAAB,ABBB,AAAB,ABBB
DARWINA,2.913333333,ABBB,AAAB,ABBB,BBBB,AAAA,AAAB,AAAA,AAAB
DESIREE,5.283333333,BBBB,AAAA,AAAA,ABBB,AABB,AAAA,AABB,AAAA
DITTA,4.613333333,ABBB,AAAB,AAAA,ABBB,AABB,AAAB,AABB,AAAB
DR._MCINTOSH,4.926666667,AABB,AABB,AAAA,AABB,AABB,AABB,AABB,AAAB
DRAGA,4.435833333,AABB,AABB,AAAA,BBBB,NA,AABB,NA,AABB
DUKE_OF_YORK,4.045,BBBB,AAAA,AAAA,AABB,AABB,AAAA,AABB,AAAA
DUNBAR_STANDARD,5.216666667,AABB,AABB,AAAA,NA,NA,AABB,AABB,NA
DUNDROD,3.939166667,AABB,AABB,AAAA,AABB,AABB,AABB,NA,AABB
ECLIPSE,4.806666667,BBBB,AAAA,AAAB,AABB,AAAB,AAAA,NA,AAAA
EDEN,4.125833333,AABB,AABB,AAAA,ABBB,AAAB,AABB,AAAB,AABB
EDZELL_BLUE,4.978333333,ABBB,AAAB,AAAA,ABBB,AABB,AAAB,AABB,AAAB
ELISABETH,5.266666667,AABB,AABB,AAAA,BBBB,NA,NA,NA,AABB
EMPEROR,3.574166667,AAAB,NA,NA,BBBB,AAAB,ABBB,AAAB,ABBB
EOS,6.820833333,AAAB,NA,AAAA,ABBB,AAAB,ABBB,AAAB,ABBB
EPICURE,3.7925,BBBB,AAAA,AAAA,BBBB,AAAA,AAAA,AAAA,AAAA
ERNTESTOLZ,4.808333333,AABB,AABB,AAAA,ABBB,AAAA,AABB,AAAA,AABB
ESCORT,6.305,AABB,NA,AAAA,ABBB,ABBB,AABB,NA,AABB
ESMERALDA,2.576666667,ABBB,AAAB,AAAA,BBBB,AAAA,AAAB,AAAA,AAAB
ESTIMA,5.636666667,AABB,NA,AAAA,AABB,AAAB,AABB,AAAB,NA
EVE_BALFOUR,5.4025,ABBB,AAAB,AAAA,BBBB,AABB,NA,AABB,AAAB
EXCALIBUR,5.2775,AAAB,ABBB,AAAA,BBBB,AAAB,ABBB,NA,ABBB
EXQUISA,4.809166667,AABB,AABB,AAAB,NA,AABB,AAAB,NA,AAAB
FESTIVAL,3.050833333,AABB,AABB,AAAA,AABB,AABB,AABB,AABB,AABB
FIANNA,3.8075,AABB,NA,AAAA,ABBB,AAAB,AABB,AAAB,AABB
FIFTYFOLD,3.14,BBBB,AAAA,AAAA,BBBB,AAAA,AAAA,AAAA,AAAA
FONTANE,4.629166667,ABBB,AAAB,AAAA,ABBB,AABB,AAAB,AABB,AAAB
FORTYFOLD,4.535,BBBB,AAAA,AAAA,ABBB,AAAB,AAAA,AAAB,AAAA
FRONTIER_RUSSET,3.125833333,ABBB,AAAB,AAAA,ABBB,AAAA,AAAB,AAAA,AAAB
G.81071,4.02,AABB,AABB,AAAA,AABB,AABB,AABB,ABBB,AABB
G.88661,4.1825,ABBB,AAAB,AAAA,BBBB,AAAB,AAAB,AAAB,AAAB
G.886611,5.335833333,AABB,AABB,AAAA,BBBB,AABB,AABB,NA,AABB
G.8867Y%12,4.570833333,ABBB,AAAB,AAAA,BBBB,AABB,AAAB,AABB,AAAB
G.88839,2.3525,ABBB,NA,AABB,ABBB,AAAA,AAAB,AAAA,AAAB
G.88842,4.571666667,AAAB,ABBB,AABB,AABB,AAAB,ABBB,AAAB,ABBB
GALACTICA,5.543333333,BBBB,AAAA,AAAA,AABB,ABBB,AAAA,ABBB,AAAA
GEMSON,4.82,AABB,AABB,AAAA,ABBB,AABB,AABB,AABB,AABB
GL.76B/102,2.120833333,BBBB,AAAA,AABB,ABBB,AABB,AAAA,AABB,AAAA
GL.76B/94,4.07,BBBB,AAAA,AAAB,AABB,AABB,AAAA,AABB,AAAA
GL.77M/106,3.9975,BBBB,AAAA,AAAA,BBBB,NA,AAAA,NA,AAAA
GL.78/166,2.475833333,BBBB,AAAA,AAAA,BBBB,AAAB,AAAA,AAAB,AAAA
GL.78/53,3.213333333,BBBB,AAAA,AAAB,ABBB,NA,AAAA,AABB,AAAA
GL.78/97,3.476666667,BBBB,AAAA,ABBB,AAAB,AAAA,AAAA,AAAA,AAAA
GL.79/42,4.6075,AABB,AABB,AAAA,ABBB,AAAA,AABB,AAAA,AABB
GL.79/45,4.319166667,ABBB,NA,AAAA,ABBB,AABB,AAAB,AABB,AAAB
GL.81_NT_25,5.11,AABB,AABB,AAAB,AAAB,AAAB,AABB,AAAB,AABB
GLADIATOR,5.315,AABB,AABB,AAAB,AABB,AAAB,AABB,AAAB,AABB
GLAMIS,5.595,ABBB,AAAB,AAAA,ABBB,AABB,AAAB,AABB,AAAB
GOLDEN_MILLENNIUM,4.850833333,AABB,AABB,AAAA,AABB,AABB,NA,NA,AABB
GOLDEN_NUGGET,3.7925,AAAA,BBBB,AAAB,BBBB,AAAB,BBBB,NA,BBBB
GOLDEN_WONDER,3.748333333,ABBB,AAAB,AAAA,ABBB,AAAB,NA,NA,AAAB
GRANOLA,6.3375,ABBB,AAAB,AAAB,BBBB,AAAB,AAAB,AAAB,AAAB
H1H3_101,3.234166667,ABBB,AAAB,AAAA,BBBB,AAAA,AAAB,AAAA,AAAB
H1H3_3,6.061666667,AABB,AABB,AAAA,ABBB,AAAB,AABB,AAAB,AABB
HARBOROUGH_HARVEST,4.085,AABB,AABB,AAAA,AABB,AAAA,AABB,AAAA,AABB
HARLEQUIN,4.8775,AABB,AABB,AAAB,BBBB,AAAA,AABB,AAAA,AABB
HERMES,5.240833333,ABBB,AAAB,AAAA,BBBB,AAAA,AAAB,AAAA,AAAB
HIGHLAND_BUR._RED,2.9375,BBBB,AAAA,AAAA,ABBB,AAAA,AAAA,AAAA,AAAA
HOME_GUARD,3.92,AABB,AABB,AAAA,BBBB,ABBB,AABB,ABBB,AABB
HORIZON,6.105833333,AAAB,ABBB,AAAA,AABB,AAAB,ABBB,AAAB,ABBB
INNOVATOR,5.219166667,AABB,AABB,AAAA,AAAB,AABB,AABB,AABB,AABB
INTERNATIONAL_KIDNEY,3.878333333,ABBB,NA,AAAA,BBBB,AAAA,NA,AAAA,AAAB
ISLE_OF_JURA,5.156666667,ABBB,AAAB,AAAB,ABBB,AAAB,AAAB,NA,AAAB
JULIETTE,3.618333333,AABB,AABB,AAAA,BBBB,AAAA,AABB,AAAA,AABB
KARLENA,4.333333333,ABBB,AAAB,AAAB,BBBB,AABB,AAAB,AABB,AAAB
KERRS_PINK,5.844166667,ABBB,AAAB,AAAA,ABBB,AAAB,AAAB,AAAB,AAAB
KESTREL,4.557826895,AABB,NA,AAAA,ABBB,AAAB,NA,NA,AABB
KIFLI,4.759166667,AABB,AAAA,AAAA,ABBB,NA,AAAA,NA,AAAA
KING_EDWARD,4.4675,BBBB,AAAA,AAAB,ABBB,AAAA,AAAA,AAAA,AAAA
KINGSTON,5.0175,AABB,AABB,AAAA,ABBB,AABB,AABB,NA,AABB
KUFRI_CHANDRAMUKHI,4.683333333,ABBB,NA,AAAA,ABBB,AABB,AAAB,NA,AAAB
KUFRI_JYOTI,5.605833333,ABBB,AAAB,AAAB,BBBB,ABBB,AAAB,ABBB,NA
KURODA,6.445833333,ABBB,AAAB,AAAA,ABBB,ABBB,AAAB,ABBB,AAAB
LADY_BALFOUR,6.884166667,BBBB,AAAA,AAAA,BBBB,AABB,AAAA,AABB,AAAA
LADY_CHRISTL,5.600833333,AAAB,ABBB,AAAA,ABBB,AAAA,ABBB,AAAA,ABBB
LADY_CLAIRE,4.5875,AABB,AABB,AAAA,BBBB,AABB,AABB,AABB,AABB
LADY_JO,4.770833333,ABBB,AAAB,AAAA,BBBB,AAAB,AAAB,AAAB,AAAB
LADY_ROSETTA,4.52,ABBB,AAAB,AAAA,BBBB,AAAA,AAAB,AAAA,AAAB
LIBERTAS,3.0425,AAAA,BBBB,AABB,BBBB,AABB,BBBB,AABB,BBBB
LINDA,5.428333333,BBBB,AAAA,AAAA,ABBB,AAAA,AAAA,AAAA,AAAA
LINTON,5.295833333,BBBB,AAAA,AAAA,BBBB,AAAB,AAAA,AAAB,AAAA
LINZER_DELIKATESS,4.63,AAAB,ABBB,AAAA,ABBB,AAAB,ABBB,AAAB,ABBB
LIONHEART,5.055,ABBB,AAAB,AAAA,ABBB,AAAA,AAAB,AAAA,AAAB
MADELEINE,5.821666667,AABB,AABB,AAAA,ABBB,ABBB,AABB,ABBB,AABB
MADINGLEY,3.853333333,ABBB,AAAB,AABB,BBBB,AAAB,AAAB,AAAB,AAAB
MAJESTIC,5.265833333,ABBB,AAAB,AAAA,ABBB,AABB,AAAB,AABB,AAAB
MARABEL,5.341666667,BBBB,AAAA,AAAA,ABBB,AAAB,AAAA,AAAB,AAAA
MARFONA,6.660833333,AAAB,ABBB,AAAA,ABBB,AABB,ABBB,AABB,ABBB
MARILYN,5.345,ABBB,AAAB,AAAA,BBBB,AAAB,AAAB,AAAB,AAAB
MARIS_ANCHOR,4.980833333,BBBB,AAAA,AAAA,ABBB,AABB,AAAA,AABB,AAAA
MARIS_BARD,4.376666667,AABB,AABB,AAAA,BBBB,BBBB,AABB,BBBB,AABB
MARIS_PEER,3.859166667,AABB,AABB,AAAA,ABBB,AAAB,AABB,AAAB,AABB
MARIS_PIPER,5.328333333,AABB,AABB,AAAA,AABB,AAAB,AABB,AAAB,AABB
MARKIES,5.34,ABBB,AAAB,AAAA,ABBB,AAAB,AAAB,AAAB,AAAB
MAXINE,4.538333333,ABBB,AAAB,AAAA,BBBB,AAAB,AAAB,AAAB,AAAB
MEGARA,4.403333333,AABB,AABB,AAAA,BBBB,ABBB,AABB,ABBB,AABB
MELODY,4.5675,AABB,AABB,AAAB,BBBB,AAAA,AABB,AAAA,AABB
MIDAS,4.941666667,AABB,AABB,AAAA,BBBB,AABB,AABB,AABB,AABB
MILVA,6.658333333,AABB,AABB,AAAA,AABB,AABB,AABB,AABB,AABB
MIMI,1.904166667,AAAA,BBBB,AAAA,BBBB,AAAB,BBBB,AAAB,BBBB
MIRA,3.9225,AABB,AABB,AAAA,BBBB,AABB,AABB,NA,AABB
MOIRA,4.564166667,AABB,AABB,AAAB,AABB,AABB,AABB,AABB,AABB
MONTROSE,4.968333333,ABBB,AAAB,AAAB,ABBB,AABB,AAAB,AABB,AAAB
MORAG,3.968333333,AABB,AABB,AAAA,ABBB,ABBB,AABB,ABBB,AABB
MORENE,4.646666667,ABBB,AAAB,AAAA,AABB,AAAA,AAAB,AAAA,AAAB
MOZART,5.515833333,AABB,AABB,AAAA,ABBB,AAAB,AABB,AAAB,AABB
MYATTS_ASHLEAF,3.191666667,ABBB,AAAB,AAAA,ABBB,AABB,AAAB,AABB,AAAB
NADINE,4.436666667,AAAB,ABBB,AAAA,BBBB,AAAB,ABBB,AAAB,AABB
NAVAN,5.1575,BBBB,AAAA,AAAA,ABBB,AAAB,AAAA,AAAB,AAAA
NDTX_4271_5-R,4.435,ABBB,AAAB,AAAA,BBBB,AAAA,AAAB,AAAA,AAAB
NICOLA,6.063333333,ABBB,AAAB,AAAA,ABBB,AAAB,AAAB,AAAB,AAAB
NOVELLA,3.541666667,AAAB,ABBB,AAAA,BBBB,ABBB,ABBB,ABBB,ABBB
OLYMPUS,3.835,AABB,AABB,AAAB,ABBB,ABBB,AABB,ABBB,AABB
OPERA,5.026666667,AABB,AABB,AAAB,ABBB,AAAB,AABB,AAAB,AAAB
ORCHESTRA,4.763333333,AAAB,ABBB,AAAA,AABB,AAAA,ABBB,AAAA,ABBB
ORIANA,4.079166667,AAAB,ABBB,AAAB,ABBB,AABB,ABBB,AABB,ABBB
OTHELLO,6.595,ABBB,AAAB,AAAA,BBBB,AABB,AAAB,AABB,AAAB
PALADIN,4.634166667,ABBB,AAAB,AAAA,ABBB,AAAB,AAAB,AAAB,AAAB
PANDA,4.646666667,AAAB,ABBB,AAAA,BBBB,AAAB,ABBB,AAAB,ABBB
PARAMOUNT,6.030833333,ABBB,AAAB,AAAA,AABB,ABBB,AAAB,ABBB,AAAB
PATRONES,5.230833333,ABBB,AAAB,NA,ABBB,ABBB,AAAB,ABBB,AAAB
PENTLAND_ACE,4.610833333,AABB,AABB,AAAA,ABBB,AAAB,AABB,AAAB,AABB
PENTLAND_BEAUTY,4.053333333,BBBB,AAAA,AAAA,AABB,AAAB,AAAA,AAAB,AAAA
PENTLAND_CROWN,5.0425,AABB,AABB,NA,BBBB,ABBB,AABB,ABBB,AABB
PENTLAND_DELL,3.746666667,AABB,AABB,AAAA,ABBB,BBBB,AABB,BBBB,AABB
PENTLAND_IVORY,4.046666667,BBBB,AAAA,AAAA,AABB,ABBB,AAAA,ABBB,AAAA
PENTLAND_JAVELIN,4.229166667,BBBB,AAAA,AAAA,BBBB,AAAB,AAAA,AAAB,AAAA
PENTLAND_MARBLE,2.543333333,AAAA,BBBB,ABBB,BBBB,AAAB,BBBB,AAAB,BBBB
PENTLAND_SQUIRE,4.571666667,AAAB,ABBB,NA,ABBB,ABBB,ABBB,ABBB,ABBB
PEPO_1978,5.085,ABBB,AAAB,AAAB,BBBB,AAAB,AAAB,AAAB,AAAB
PICASSO,7.100833333,ABBB,NA,AAAA,ABBB,AABB,AAAB,AABB,AAAB
PIMPERNEL,4.989166667,ABBB,AAAB,AAAA,BBBB,AAAB,AAAB,AAAB,NA
PIONEER,3.620833333,ABBB,AAAB,AAAA,BBBB,AAAA,AAAB,AAAA,AAAB
PIXIE,4.776666667,AABB,AABB,AAAA,BBBB,AAAB,AABB,AAAB,AABB
PREMIERE,4.461666667,AABB,AABB,AAAA,ABBB,AAAA,AABB,AAAA,AABB
PRODUCENT,5.556666667,ABBB,AAAB,AAAB,AABB,AABB,AAAB,AABB,AAAB
PROVOST,4.450833333,ABBB,AAAB,AAAB,AABB,ABBB,AAAB,ABBB,AAAB
R.P.LUSTRE,3.204166667,BBBB,AAAA,AAAA,ABBB,AAAB,AAAA,AAAB,AAAA
RANGER_RUSSET,3.5675,BBBB,AAAA,AAAB,ABBB,AABB,AAAA,AABB,AAAA
RATTE,3.756666667,BBBB,AAAA,NA,AABB,AABB,AAAA,AABB,AAAA
RECORD,2.246666667,AAAA,BBBB,ABBB,BBBB,ABBB,BBBB,ABBB,BBBB
REMBRANDT,4.8025,ABBB,AAAB,AAAA,ABBB,AABB,AAAB,AABB,AAAB
RIO_ROJO,3.815833333,ABBB,AAAB,AAAA,BBBB,ABBB,AAAB,ABBB,AAAB
ROBIJN,4.765833333,BBBB,AAAA,NA,BBBB,AAAA,AAAA,AAAA,AAAA
ROCKET,5.9875,ABBB,AAAB,AAAA,ABBB,AAAB,AAAB,AAAB,AAAB
RODE_STAR,4.194166667,ABBB,AAAB,AAAB,BBBB,AAAA,AAAB,AAAA,AAAB
ROMANO,4.769166667,BBBB,AAAA,AAAA,BBBB,ABBB,AAAA,ABBB,AAAA
ROMEO,4.8525,AABB,AABB,AAAA,BBBB,ABBB,AABB,ABBB,AABB
ROOSTER,5.985,AABB,AABB,AAAA,BBBB,ABBB,AABB,ABBB,AABB
ROYAL,5.994166667,BBBB,AAAA,AAAA,BBBB,AABB,AAAA,ABBB,AAAA
ROYAL_KIDNEY,5.269166667,BBBB,AAAA,AAAA,AABB,AAAB,AAAA,AAAB,AAAA
RUBESSE,5.178333333,ABBB,AAAB,AAAA,BBBB,AABB,AAAB,AABB,AAAB
RUSSET_BURBANK,4.658333333,BBBB,AAAA,AAAA,ABBB,AAAB,AAAA,AAAB,AAAA
RUSSET_NORKOTAH,3.511666667,ABBB,AAAB,AAAB,AAAB,AAAA,AAAB,AAAA,AAAB
SAFARI,4.701666667,AAAB,ABBB,AAAB,BBBB,AAAB,ABBB,AAAB,ABBB
SANTANA,5.370833333,BBBB,AAAA,NA,AABB,AAAB,AAAA,AAAB,AAAA
SANTE,6.734166667,AAAB,ABBB,AAAA,ABBB,AAAB,ABBB,AAAB,ABBB
SAPHIRE,6.355833333,AABB,AABB,AAAA,ABBB,AAAB,AABB,AAAB,AABB
SARPO_MIRA,5.565,ABBB,AAAA,AAAB,BBBB,AAAB,AAAA,AAAB,AAAA
SARPO_SHONA,4.405,AABB,AAAB,AAAB,BBBB,ABBB,AAAB,ABBB,AAAB
SASSY,3.986666667,AABB,AABB,AAAA,BBBB,AAAB,AABB,AAAB,AABB
SATURNA,4.5925,AAAB,ABBB,AAAA,BBBB,AAAB,ABBB,AAAB,ABBB
SAVA,4.345833333,ABBB,AAAB,AAAB,ABBB,AABB,AAAB,AABB,AAAB
SAXON,4.958333333,AABB,AABB,AAAA,BBBB,AABB,AABB,AABB,AABB
SCARBOROUGH,4.788333333,ABBB,AAAB,AAAA,ABBB,AAAB,AAAB,AAAB,AAAB
SEFTON_WONDER,5.339166667,AABB,AABB,AAAA,ABBB,AAAB,AABB,AAAB,AABB
SERAFINA,3.966666667,ABBB,AAAB,AAAB,ABBB,AABB,AAAB,AABB,AAAB
SETANTA,5.865833333,BBBB,AAAA,AAAA,BBBB,AABB,AAAA,AABB,AAAA
SHARPES_EXPRESS,4.120833333,ABBB,AAAB,AAAA,ABBB,AAAB,AAAB,AAAB,AAAB
SHELAGH,6.5025,ABBB,AAAB,AAAB,BBBB,AABB,AAAB,AABB,AAAB
SHELFORD,4.831666667,BBBB,AAAA,AAAA,BBBB,AAAB,AAAA,AAAB,AAAA
SHEPODY,5.450833333,AABB,AABB,AAAA,NA,AABB,AABB,AABB,AABB
SLANEY,7.201666667,ABBB,AAAB,AAAA,ABBB,AABB,AAAB,AABB,AAAB
SPEY,5.700833333,AABB,AABB,AAAA,BBBB,AAAA,AABB,AAAA,AABB
SPUNTA,6.1475,ABBB,AAAB,AAAB,ABBB,AAAB,AAAB,AAAB,AAAB
STAMINA,5.575,AABB,AABB,AAAA,AAAB,AABB,AABB,AABB,NA
STEMSTER,6.499166667,ABBB,AAAB,AAAA,AABB,ABBB,AAAB,ABBB,AAAB
STIRLING,5.019166667,BBBB,AAAA,AAAB,ABBB,AAAB,AAAA,AAAB,AAAA
STORMONT_ENTERPRISE,6.316666667,NA,NA,AAAA,AABB,BBBB,NA,BBBB,NA
SYLVANA,5.228333333,AABB,AABB,AAAA,BBBB,AABB,AABB,AABB,AABB
TAY,4.2675,ABBB,AAAB,AAAB,ABBB,AABB,AAAB,AABB,AAAB
TIMATE,6.08,AABB,AABB,AAAA,AAAB,AAAB,AABB,AAAB,AABB
TOLUCA,4.5925,BBBB,AAAA,AAAB,BBBB,AAAA,AAAA,AAAA,AAAA
TORRIDON,5.335833333,AABB,AABB,AAAA,AABB,ABBB,AABB,ABBB,AABB
ULSTER_SCEPTRE,4.355,AAAB,NA,AAAA,BBBB,ABBB,NA,ABBB,ABBB
UMATILLA_RUSSET,7.3075,BBBB,AAAA,AAAA,ABBB,AABB,AAAA,AABB,AAAA
VALES_EMERALD,4.063333333,ABBB,AAAB,AAAA,ABBB,AAAA,AAAB,AAAA,AAAB
VALES_EVEREST,5.823333333,AABB,AABB,AAAA,BBBB,AAAA,AABB,AAAA,AABB
VALES_RUSSET,5.2775,BBBB,AAAA,AAAA,AABB,AAAB,AAAA,AAAB,AAAA
VALES_SOVEREIGN,5.475833333,BBBB,AAAA,AAAA,BBBB,ABBB,AAAA,ABBB,AAAA
VALOR,5.635,AABB,AABB,AAAA,BBBB,AAAB,AABB,AAAB,AABB
VAN_GOGH,5.294166667,AABB,AABB,AAAA,ABBB,AABB,AABB,AABB,AABB
VANTAGE,4.441666667,ABBB,AAAB,AAAA,ABBB,AAAB,AAAB,AAAB,AAAB
VERDI,4.198333333,ABBB,AAAB,AAAA,AAAB,NA,AAAB,AABB,AAAB
VICTORIA,4.785833333,AABB,AABB,AAAA,ABBB,AAAB,AABB,AAAB,AABB
VIVALDI,5.175,AABB,AABB,AAAA,ABBB,ABBB,AABB,ABBB,AABB
WILJA,4.736666667,AABB,AABB,AAAA,BBBB,AABB,AABB,AABB,AABB
WINSTON,5.1575,AABB,AABB,AAAA,AABB,AAAB,NA,AAAB,AABB
XD2-21,5.055833333,ABBB,AAAB,AAAA,BBBB,ABBB,AAAB,ABBB,AAAB
YUKON_GOLD,3.9075,ABBB,AAAB,AAAA,BBBB,AAAA,AAAB,AAAA,AAAB
ZORBA,4.275833333,ABBB,AAAB,AAAA,BBBB,AAAB,AAAB,AAAB,AAAB